Date,Open,High,Low,Close,Volume,Dividends
2021-05-14T04:00:00Z,28.684249189563264,30.766170501708984,28.684249189563264,30.766170501708984,342900,0
2021-05-17T04:00:00Z,31.46014301200008,32.38544133588243,31.46014301200008,31.552671432495117,31500,0
2021-05-18T04:00:00Z,31.90428703574192,35.55088962399362,31.90428703574192,34.69868850708008,48900,0
2021-05-19T04:00:00Z,34.236039326985676,34.93001309712728,34.236039326985676,34.69868850708008,43900,0
2021-05-20T04:00:00Z,34.69868337871223,34.93000793457031,34.69868337871223,34.93000793457031,22900,0
2021-05-21T04:00:00Z,35.623983854901894,35.623983854901894,34.69868557295639,34.79121398925781,18300,0
2021-05-24T04:00:00Z,35.161338806152344,35.39266340356124,35.06881037908208,35.161338806152344,30600,0
2021-05-25T04:00:00Z,35.855313826723545,35.855313826723545,34.14351315914751,34.18977737426758,35800,0
2021-05-26T04:00:00Z,35.1613404532726,35.1613404532726,33.31074358731088,34.07874298095703,44400,0
2021-05-27T04:00:00Z,34.23604261371451,34.23604261371451,32.84809494018555,32.84809494018555,40700,0
2021-05-28T04:00:00Z,33.31073894367351,34.33689583583826,33.07941436767578,33.07941436767578,60800,0
2021-06-01T04:00:00Z,33.912186778841715,34.66075141177377,33.21821299916337,33.31074142456055,52000,0
2021-06-02T04:00:00Z,33.77339004026421,33.99546319909098,31.92279332572918,32.62601852416992,1306900,0
2021-06-03T04:00:00Z,31.5989429004171,35.38341363276492,29.813116642259487,34.23604202270508,22326000,0
2021-06-04T04:00:00Z,33.44954062385182,33.46804348682159,31.191810130322285,31.59894371032715,7502300,0
2021-06-07T04:00:00Z,31.09002297873711,31.349108915544186,28.545454294965747,29.072874069213867,11513100,0
2021-06-08T04:00:00Z,28.064297503239395,28.60097044922317,26.398761261183957,26.75037384033203,18500300,0
2021-06-09T04:00:00Z,26.18594328813113,27.240784634998317,25.21438070101128,26.32473945617676,14563600,0
2021-06-10T04:00:00Z,26.3339917442012,28.83229814222834,26.278474334095407,28.064300537109375,11205900,0
2021-06-11T04:00:00Z,28.110562183365374,28.110562183365374,27.20377025338796,27.435094833374023,5728900,0
2021-06-14T04:00:00Z,27.832973609947505,28.341886983931033,27.083482459122123,28.01803398132324,6972000,0
2021-06-15T04:00:00Z,27.78671244959915,29.692826718584968,27.57389246969651,29.43374252319336,6339100,0
2021-06-16T04:00:00Z,29.165404445352255,29.285692454433818,28.008781506671088,28.406660079956055,5288100,0
2021-06-17T04:00:00Z,28.212351073827197,29.359721002881415,27.851485223320942,29.10988998413086,5086400,0
2021-06-18T04:00:00Z,29.146900106717368,29.34121192695948,27.721939698808516,27.74044609069824,10213800,0
2021-06-21T04:00:00Z,27.944010677858454,28.378900263923676,27.16675992817887,27.213024139404297,3542700,0
2021-06-22T04:00:00Z,27.064978160438827,27.638663944141584,26.690231673634607,27.32406234741211,4218300,0
2021-06-23T04:00:00Z,27.32406238275748,27.83297579672525,26.92618378844572,27.296302795410156,3880900,0
2021-06-24T04:00:00Z,27.194516787630157,27.82371992130595,27.11123979847504,27.546131134033203,2769600,0
2021-06-25T04:00:00Z,27.54613374211764,28.563962333263778,27.027965368343867,27.93475914001465,13582700,0
2021-06-28T04:00:00Z,27.472107863463467,28.71200776466839,27.21302369616797,28.62873077392578,3106200,0
2021-06-29T04:00:00Z,28.665742804969607,28.980344388951146,28.184587233601775,28.26786422729492,2256700,0
2021-06-30T04:00:00Z,28.06429566488017,28.526944786797,27.99027187596813,27.99952507019043,2011100,0
2021-07-01T04:00:00Z,27.860733500918165,28.906319845528067,27.814467525133157,28.5176944732666,2437100,0
2021-07-02T04:00:00Z,28.415910414305092,28.795284347236265,28.036538246240394,28.554706573486328,1813100,0
2021-07-06T04:00:00Z,28.3141308776394,28.77678006921891,27.66642130348144,28.684249877929688,2853500,0
2021-07-07T04:00:00Z,28.684249271208568,28.721262052888015,27.638662896896125,27.86998748779297,2936200,0
2021-07-08T04:00:00Z,27.435094833374023,27.925503578296414,27.074229053353037,27.435094833374023,1931400,0
2021-07-09T04:00:00Z,27.712686085498532,28.018034468167713,27.379578117180685,27.85148048400879,2345700,0
2021-07-12T04:00:00Z,27.54613307601077,28.110563885239415,27.361072694871368,27.518373489379883,1855700,0
2021-07-13T04:00:00Z,27.29630270631793,27.652542800879296,26.796640724896807,26.926183700561523,2047900,0
2021-07-14T04:00:00Z,26.81514829956805,27.20377371397629,26.68560708305421,27.148256301879883,2004600,0
2021-07-15T04:00:00Z,26.694856436227905,27.2870467863158,26.54680884870593,26.75037384033203,2112300,0
2021-07-16T04:00:00Z,26.62083536193923,26.83365357013437,26.296980569326347,26.71336555480957,1757700,0
2021-07-19T04:00:00Z,26.49129151371188,26.99095347983969,26.408016284223823,26.963193893432617,2261600,0
2021-07-20T04:00:00Z,26.990954752352813,27.5553873485079,26.88917136226146,27.39808654785156,1922600,0
2021-07-21T04:00:00Z,27.44434948922586,28.221600260541575,27.324061477771405,28.184587478637695,2068400,0
2021-07-22T04:00:00Z,28.156827810749057,28.739764968577624,27.99027383283619,28.6102237701416,2221100,0
2021-07-23T04:00:00Z,28.58246407216611,28.61022365666364,27.49246313497348,27.573888778686523,1618100,0
2021-07-26T04:00:00Z,27.490613501116073,27.95326268233876,27.000206498534627,27.44434928894043,1526900,0
2021-07-27T04:00:00Z,27.16676018977728,27.42584259892092,26.671725712458915,26.94468879699707,2005300,0
2021-07-28T04:00:00Z,26.953940915284644,27.63866326658047,26.83365290295065,27.518373489379883,1854600,0
2021-07-29T04:00:00Z,27.37958054732214,27.62941154573488,27.027966157363455,27.046472549438477,1777000,0
2021-07-30T04:00:00Z,26.889169255590737,27.203770832255493,26.750374857618997,26.842905044555664,1504200,0
2021-08-02T04:00:00Z,26.90767736207409,27.4212182557021,26.87066634385884,27.32406234741211,1761600,0
2021-08-03T04:00:00Z,27.09273903276165,27.3703278595753,26.842908029709324,27.30555725097656,1386700,0
2021-08-04T04:00:00Z,27.129749356620785,27.129749356620785,26.472788326414033,26.49129295349121,1851700,0
2021-08-05T04:00:00Z,26.50054170427661,27.37032256620777,26.371000512132152,27.351816177368164,2190600,0
2021-08-06T04:00:00Z,27.28704959962771,27.55538698271858,26.990954394056168,27.296302795410156,1298600,0
2021-08-09T04:00:00Z,27.555386892780735,27.7589519047301,26.75962970675448,26.926183700561523,1982600,0
2021-08-10T04:00:00Z,26.907674462958056,28.207719208338915,26.759626876314893,28.08280372619629,2980200,0
2021-08-11T04:00:00Z,28.082804907413355,28.129069118360388,27.499865966228228,27.69417953491211,1868800,0
2021-08-12T04:00:00Z,28.739768884043944,31.46014677588619,28.68425147213153,30.99749755859375,7826700,0
2021-08-13T04:00:00Z,30.997496082157497,31.913543041847166,30.40530567698703,31.654457092285156,3441500,0
2021-08-16T04:00:00Z,31.68221640197696,32.191129778007344,31.376866258518927,31.765493392944336,2742100,0
2021-08-17T04:00:00Z,32.14486635074889,33.144186736976785,31.86727402093766,32.737056732177734,4683500,0
2021-08-18T04:00:00Z,33.19970244028366,33.764134941654454,31.036353958264908,31.08076858520508,4685000,0
2021-08-19T04:00:00Z,30.90496542956386,31.984788404107384,30.54872359821868,31.552671432495117,2501300,0
2021-08-20T04:00:00Z,31.673960529319675,32.14976807993086,30.92759399946079,30.992900848388672,2354600,0.28
2021-08-23T04:00:00Z,31.30077546831752,31.52468720663465,30.65703500395983,31.011560440063477,2473600,0
2021-08-24T04:00:00Z,31.114181094037228,31.55267296103756,30.75032765501828,30.936920166015625,2117500,0
2021-08-25T04:00:00Z,30.796978314680867,31.356755909866145,30.199885060315125,31.067537307739254,1929400,0
2021-08-26T04:00:00Z,30.99290086826515,32.056473618865695,30.99290086826515,31.68328857421875,1607900,0
2021-08-27T04:00:00Z,31.70194094197508,32.019147089791716,31.468701232079184,31.953840255737305,1165700,0
2021-08-30T04:00:00Z,31.804571107716445,31.94451637538226,31.40339846996083,31.45937728881836,1069000,0
2021-08-31T04:00:00Z,31.291441057164636,31.812030848934693,31.179483431378433,31.61797523498535,1694600,0
2021-09-01T04:00:00Z,32.140438819158405,32.998759405744124,31.963174328352423,32.243064880371094,2738500,0
2021-09-02T04:00:00Z,32.76552378199117,33.250662958633725,32.047144821902585,33.22267532348633,2560100,0
2021-09-03T04:00:00Z,33.09206161418962,33.25999454298729,32.52295597314822,33.22267532348633,1466400,0
2021-09-07T04:00:00Z,32.91479411549636,33.35328600746756,32.532281047699044,33.25065994262695,2247200,0
2021-09-08T04:00:00Z,33.148034635728,33.148034635728,32.42032769961,32.625579833984375,2185000,0
2021-09-09T04:00:00Z,32.625577581636605,32.65356521295316,31.94451793426975,32.355018615722656,1573500,0
2021-09-10T04:00:00Z,32.569604648036616,32.65357111612206,31.599326252150785,31.608657836914063,1658400,0
2021-09-13T04:00:00Z,31.87920480032085,31.888536382598236,31.283044103415502,31.562002182006836,1950100,0
2021-09-14T04:00:00Z,31.48736347218284,31.608649127990734,31.02088401333569,31.17948532104492,1570200,0
2021-09-15T04:00:00Z,31.25412517863009,31.963172422712105,31.01155741482614,31.45937728881836,1953200,0
2021-09-16T04:00:00Z,31.61797831775336,31.804570819967605,30.80630502592075,31.496692657470703,1280600,0
2021-09-17T04:00:00Z,31.440721547235803,31.795246992333183,31.03021727639996,31.74859619140625,4341400,0
2021-09-20T04:00:00Z,31.011559022128157,31.440719312077537,30.57306714907421,30.73166847229004,1937300,0
2021-09-21T04:00:00Z,30.96490743048212,31.15149993927066,30.55440675831219,30.685020446777344,1162900,0
2021-09-22T04:00:00Z,30.871615590631315,31.01156087390686,30.405136058321357,30.46111488342285,1332100,0
2021-09-23T04:00:00Z,30.56373098379143,31.22613448561572,30.48909612492521,31.142168045043945,1608400,0
2021-09-24T04:00:00Z,31.254131711345277,31.673964043139772,30.78765213356401,31.431392669677734,1888100,0
2021-09-27T04:00:00Z,31.431386488884023,31.599319388578824,31.179487139341823,31.291444778442383,1281300,0
2021-09-28T04:00:00Z,31.254128653432687,31.272788261793085,30.689688846617106,30.824968338012695,1286800,0
2021-09-29T04:00:00Z,30.80630462302846,31.720603957069276,30.79697304061401,31.70194435119629,1306300,0
2021-09-30T04:00:00Z,31.650635169955212,31.87920914149542,30.582396626901097,30.59172821044922,1481600,0
2021-10-01T04:00:00Z,30.675695353777694,31.347423467058203,30.377148734773822,31.09552764892578,1497500,0
2021-10-04T04:00:00Z,30.955580200369297,31.328765227516,30.6197143877285,30.73166847229004,1784800,0
2021-10-05T04:00:00Z,30.489102617111396,30.91826293410328,30.31184167547294,30.349157333374023,2452800,0
2021-10-06T04:00:00Z,30.069267277354175,30.91825980055691,29.780050493933405,30.85295295715332,2533300,0
2021-10-07T04:00:00Z,30.77831768899552,31.08619229546505,30.545077948748062,30.63837242126465,1339600,0
2021-10-08T04:00:00Z,30.59172673002483,30.66636160001629,30.05994038011952,30.386474609375,1249000,0
2021-10-11T04:00:00Z,30.395804700372445,31.02741618108607,30.36781351141305,30.983566284179688,1319400,0
2021-10-12T04:00:00Z,30.955578610359435,31.291444405748734,30.56373399608658,30.63837242126465,1271300,0
2021-10-13T04:00:00Z,30.787647953285553,31.09086034946522,30.47044174110557,30.927593231201172,1251100,0
2021-10-14T04:00:00Z,30.927591023610702,31.66462589901598,30.88094022833123,31.38473892211914,1624700,0
2021-10-15T04:00:00Z,31.68328924521846,32.88680730278922,31.496696718943262,32.550941467285156,1675900,0
2021-10-18T04:00:00Z,32.48562814118047,32.76551509532181,32.14976237262858,32.46696853637695,1236200,0
2021-10-19T04:00:00Z,32.49496498395092,33.017419767211294,32.37367931256993,32.70954513549805,1246500,0
2021-10-20T04:00:00Z,32.830823556424555,33.7917736770766,32.634903034731224,33.36260986328125,1161000,0
2021-10-21T04:00:00Z,33.26932029781637,33.353286756484664,32.77485312952335,32.98943328857422,1100500,0
2021-10-22T04:00:00Z,32.96144300918988,33.39060329283859,32.75619089137696,33.269317626953125,765500,0
2021-10-25T04:00:00Z,33.11071629303895,34.48216359537297,33.03607786515229,34.435516357421875,1497900,0
2021-10-26T04:00:00Z,34.31423492304443,34.836693305809575,34.053007511140144,34.24892807006836,1598500,0
2021-10-27T04:00:00Z,34.23959774863022,34.23959774863022,33.13403999632545,33.32529830932617,1013500,0
2021-10-28T04:00:00Z,33.455906363124434,34.22093236816891,33.23199466359535,34.071659088134766,1282500,0
2021-10-29T04:00:00Z,34.01568825767679,34.73313475201353,33.941053379619284,34.28624725341797,1800000,0
2021-11-01T04:00:00Z,34.239597288817166,34.80870286947594,34.034345162295956,34.640769958496094,1108600,0
2021-11-02T04:00:00Z,34.72473798278703,34.799372858285345,33.95971182440803,34.043678283691406,1326000,0
2021-11-03T04:00:00Z,33.791780816371904,34.53814740833554,33.791780816371904,34.35155487060547,1549600,0
2021-11-04T04:00:00Z,34.34222039045969,34.69674223066038,33.77311485887966,33.8290901184082,1777200,0
2021-11-05T04:00:00Z,33.94104965345666,34.25825585802938,33.15736394562735,33.84775161743164,2381000,0
2021-11-08T05:00:00Z,34.09965425870538,34.84602082397009,33.969040554653624,34.51015853881836,3474500,0
2021-11-09T05:00:00Z,34.47283905170665,34.5194862943672,33.98769989833266,34.18362045288086,2567400,0
2021-11-10T05:00:00Z,34.09032324969182,34.86467738119936,33.802969566974056,34.17428970336914,4025500,0
2021-11-11T05:00:00Z,33.036078231429336,33.05940363014156,30.554407419981455,32.392337799072266,5810200,0
2021-11-12T05:00:00Z,32.327037266341605,32.39234412474174,31.272792388092917,31.44072532653809,2531700,0
2021-11-15T05:00:00Z,31.44071459842011,31.487361830080953,30.796970701051286,31.142168045043945,2553500,0
2021-11-16T05:00:00Z,31.076864641933707,31.496693332214665,30.694351605730223,31.291444778442383,2385400,0
2021-11-17T05:00:00Z,31.20748064989939,31.282115522561952,30.442454520587535,30.74100112915039,2008700,0
2021-11-18T05:00:00Z,30.731667849805277,30.778318646470815,29.238002442866527,29.481504440307617,2625800,0
2021-11-19T05:00:00Z,29.754481612731706,29.95215367147839,29.067331524483045,29.415613174438477,2631300,0.28
2021-11-22T05:00:00Z,29.613286340314776,30.112175804744012,29.603874923687258,29.7827205657959,2183200,0
2021-11-23T05:00:00Z,29.8297859528908,29.8297859528908,29.13322443803946,29.368549346923828,2008500,0
2021-11-24T05:00:00Z,29.425028352768724,29.7827214429068,29.142637370188144,29.6885929107666,1872700,0
2021-11-26T05:00:00Z,29.236767391092915,29.74507007717511,28.907312145897414,29.302658081054688,1287200,0
2021-11-29T05:00:00Z,29.2179434481017,29.232062369028817,28.361359072327012,28.82259750366211,2286900,0
2021-11-30T05:00:00Z,28.606096233828783,28.70022655936992,27.34475453958277,27.514188766479492,3273000,0
2021-12-01T05:00:00Z,27.83423091247439,28.201337208694568,26.89293124390029,27.04353904724121,2858600,0
2021-12-02T05:00:00Z,27.194147487672417,28.21075108173344,27.01530183913181,27.928361892700195,2700900,0
2021-12-03T05:00:00Z,27.937773664472367,28.041317199625897,26.827039799545133,27.13766860961914,2416100,0
2021-12-06T05:00:00Z,27.391818835448664,27.92835932246626,27.10942787701705,27.58949089050293,2134800,0
2021-12-07T05:00:00Z,27.777751529457337,27.947185745439004,27.37299241247592,27.58949089050293,2348900,0
2021-12-08T05:00:00Z,27.655382592633703,27.749512915572843,27.062364610274308,27.608318328857425,2155600,0
2021-12-09T05:00:00Z,27.702452399139897,27.805995947918067,26.92117366521773,26.987064361572266,2045900,0
2021-12-10T05:00:00Z,27.0717782366976,27.47653737476398,26.874104375959472,27.05295181274414,2252800,0
2021-12-13T05:00:00Z,27.184731087493216,27.6553808776155,26.968232614929715,27.17531967163086,2693200,0
2021-12-14T05:00:00Z,27.231799950338814,27.75892726689509,26.930584340878085,27.156496047973633,3676900,0
2021-12-15T05:00:00Z,27.2129724088223,27.72127507546171,27.081191033939454,27.608318328857425,2113200,0
2021-12-16T05:00:00Z,27.966011205511847,29.15204895730272,27.74951272104015,28.549617767333984,2527800,0
2021-12-17T05:00:00Z,28.56844686186619,28.70022824814607,27.88129849714003,28.41783905029297,4749400,0
2021-12-20T05:00:00Z,28.238991688221784,28.408425925612995,27.288278752605244,27.636560440063477,1855500,0
2021-12-21T05:00:00Z,27.58008046100803,28.295468447654564,27.533016194215335,28.041318893432617,1555300,0
2021-12-22T05:00:00Z,28.15426942034131,28.295463993881743,27.796576381013125,28.24839973449707,1160000,0
2021-12-23T05:00:00Z,28.238990157967223,28.596683243331352,28.14485983169667,28.446075439453125,957700,0
2021-12-27T05:00:00Z,28.39900957090603,28.50255310349734,28.076143413855338,28.323705673217773,1250100,0
2021-12-28T05:00:00Z,28.173099397029684,28.455488579741395,28.097795495280785,28.13544654846191,1256700,0
2021-12-29T05:00:00Z,28.126032758898315,28.220163082998624,27.89070784634085,28.069555282592773,1309100,0
2021-12-30T05:00:00Z,28.182512131452423,28.992028612684383,28.182512131452423,28.926137924194336,1385100,0
2021-12-31T05:00:00Z,28.78023530793683,28.963788438336735,28.61550680459827,28.662572860717773,1018800,0
2022-01-03T05:00:00Z,28.77553132251223,29.349724709661487,28.507261053686975,29.33089828491211,1331900,0
2022-01-04T05:00:00Z,29.382670680081205,29.77801663129149,28.935552957402585,29.669767379760746,1641700,0
2022-01-05T05:00:00Z,29.7638960386298,30.12158911945319,29.22735372431478,29.2744197845459,1979300,0
2022-01-06T05:00:00Z,29.22735392671743,30.018045790209637,28.624922714680185,29.66035270690918,2012000,0
2022-01-07T05:00:00Z,29.66976458467321,30.563999945787582,29.66976458467321,30.50752067565918,1350800,0
2022-01-10T05:00:00Z,30.112174375234577,30.629890239114648,29.829785209762917,30.319259643554688,2822500,0
2022-01-11T05:00:00Z,30.403978669201468,30.86521708814495,30.140415910247068,30.827564239501953,2090100,0
2022-01-12T05:00:00Z,30.931108538759872,30.968761388329092,30.36632656754169,30.695783615112305,1569800,0
2022-01-13T05:00:00Z,30.488692832589848,31.232320362841534,30.403975726728607,30.96875762939453,1578600,0
2022-01-14T05:00:00Z,30.921695373740008,31.382933831516738,30.394569811450697,30.93111038208008,1771100,0
2022-01-18T05:00:00Z,30.747553451259652,31.128778654538497,29.556808191649356,30.18747901916504,1900400,0
2022-01-19T05:00:00Z,30.149827997722873,30.808738500540027,30.1215901559991,30.347503662109375,1992500,0
2022-01-20T05:00:00Z,30.319262374147065,30.789912222578184,29.914505012621124,29.95215606689453,1740200,0
2022-01-21T05:00:00Z,29.886262448960565,29.90508887194716,28.855540028162327,29.15204811096191,1900600,0
2022-01-24T05:00:00Z,28.540202910193532,28.832005276588593,27.243091847878045,28.662572860717773,2614600,0
2022-01-25T05:00:00Z,28.17309978974881,29.182173523559356,27.89070880771407,28.907312393188477,1955200,0
2022-01-26T05:00:00Z,29.03909467259628,29.641525876375717,28.544912713534305,28.926137924194336,1374900,0
2022-01-27T05:00:00Z,29.27441912410701,29.78271999542933,28.69081255811381,28.897899627685547,1939100,0
2022-01-28T05:00:00Z,28.67198783627947,29.62270074329008,28.624923569703245,29.6038761138916,1680900,0
2022-01-31T05:00:00Z,29.368550947891254,30.21571851159273,29.368550947891254,30.03687286376953,4413700,0
2022-02-01T05:00:00Z,30.29102420214012,31.081716082517413,30.13100138821551,31.053478240966797,1846600,0
2022-02-02T05:00:00Z,31.1381930856228,31.513769995795528,30.74284537887842,31.373517990112305,1693700,0
2022-02-03T05:00:00Z,30.987585067749023,31.590019904972156,30.75226013768128,30.987585067749023,1663700,0
2022-02-04T05:00:00Z,30.771085045487396,31.505301232816457,30.771085045487396,31.175844192504883,1627400,0
2022-02-07T05:00:00Z,31.345277279611857,31.768862835574144,31.091125946034484,31.55236434936523,1090100,0
2022-02-08T05:00:00Z,31.45823495381046,31.95712624769119,31.114662566461547,31.76886558532715,1635500,0
2022-02-09T05:00:00Z,31.928886161495,32.634860982066925,31.815931195620102,32.5595588684082,1557700,0
2022-02-10T05:00:00Z,32.25834209842596,33.02079617052379,32.25834209842596,32.42777633666992,1329400,0
2022-02-11T05:00:00Z,32.380711110609816,33.26553153577565,32.380711110609816,32.68192672729492,1474500,0
2022-02-14T05:00:00Z,32.663096840866686,32.78546679429329,32.21127346372193,32.361881256103516,1782300,0
2022-02-15T05:00:00Z,32.75722493775236,33.236345365080595,32.75722493775236,33.15257263183594,1931800,0
2022-02-16T05:00:00Z,33.2278765833785,34.3480254533947,33.15257447935894,34.20682907104492,3114100,0
2022-02-17T05:00:00Z,33.312595994640006,34.77160981963887,32.84194614200983,34.235069274902344,4587400,0
2022-02-18T05:00:00Z,34.31978407342642,34.99752096447473,33.717352877282664,33.97150421142578,3145100,0
2022-02-22T05:00:00Z,33.98091301173499,34.46097780285874,33.73617670368361,33.867958068847656,2219900,0
2022-02-23T05:00:00Z,33.79265899297742,34.15035027590856,33.36436592711424,33.4161376953125,2244400,0
2022-02-24T05:00:00Z,32.71016513097657,34.00915974447221,32.43718735155114,33.9150276184082,2440000,0
2022-02-25T05:00:00Z,33.85336394171639,35.82185558143845,33.68734343522701,35.64160919189453,3494900,0.28
2022-02-28T05:00:00Z,34.664477205559436,35.850317255402906,34.53166369900043,35.4139289855957,2846700,0
2022-03-01T05:00:00Z,35.35700794573868,35.916724603286816,35.10086605646445,35.537254333496094,3675000,0
2022-03-02T05:00:00Z,35.59417637632143,37.448828384866,35.52302524754064,37.3397331237793,3434400,0
2022-03-03T05:00:00Z,37.12153971961211,37.19743160462722,36.35311402753965,37.01718521118164,1353300,0
2022-03-04T05:00:00Z,36.4195205153092,36.87488267873056,35.6700687047442,36.827449798583984,2890000,0
2022-03-07T05:00:00Z,36.59976614723383,37.192686125366336,35.86928829990701,36.447975158691406,2688800,0
2022-03-08T05:00:00Z,36.35311379605696,36.618740820263625,34.74985928454323,34.76883316040039,2529600,0
2022-03-09T05:00:00Z,34.97753646982479,35.51827923334741,34.53166307992685,34.58858108520508,1789900,0
2022-03-10T05:00:00Z,34.408332596226586,34.55063121960325,33.8391272460309,34.133216857910156,1954000,0
2022-03-11T05:00:00Z,34.35141764621352,34.74037308254151,33.95297708071038,33.99092483520508,1488400,0
2022-03-14T04:00:00Z,33.52607444647533,33.79170149455393,29.949579951158373,30.699031829833984,7855500,0
2022-03-15T04:00:00Z,30.63262367248535,30.9836313441574,30.063420037682366,30.63262367248535,3654900,0
2022-03-16T04:00:00Z,31.078494215808774,31.25874421821346,30.215204619787304,31.21131134033203,2962300,0
2022-03-17T04:00:00Z,31.35360865299982,32.615344141087256,30.860298782244342,32.577396392822266,2682600,0
2022-03-18T04:00:00Z,32.4635566405756,33.38376600959313,32.387661144341,33.279415130615234,9038400,0
2022-03-21T04:00:00Z,33.68734398732684,34.1427097706107,32.87148903794383,32.985328674316406,1670100,0
2022-03-22T04:00:00Z,33.203523010664966,33.82016131413604,32.78610859561946,33.53555679321289,1312000,0
2022-03-23T04:00:00Z,33.61145026845749,33.853362649082186,33.203521006579216,33.52606964111328,1583600,0
2022-03-24T04:00:00Z,33.46915097089452,33.63042711184563,32.97584103812775,33.48812484741211,1306800,0
2022-03-25T04:00:00Z,33.63042668883832,33.891309345155804,33.00430324722074,33.19403839111328,1060000,0
2022-03-28T04:00:00Z,33.12762387461543,33.39325449042696,32.89994462551573,33.36479187011719,1445200,0
2022-03-29T04:00:00Z,33.54504690513088,33.91502845470414,33.269931120459546,33.50709915161133,1038100,0
2022-03-30T04:00:00Z,33.56402122255729,34.52217848867558,33.45966670845691,33.97195053100586,1645300,0
2022-03-31T04:00:00Z,33.706317269245005,34.24706005610694,33.12762673129532,33.137115478515625,1637800,0
2022-04-01T04:00:00Z,33.412228129377034,33.78695399390228,33.080190766671635,33.345821380615234,1610700,0
2022-04-04T04:00:00Z,33.06122149687763,33.2794192662191,32.69218810498412,32.937896728515625,1471600,0
2022-04-05T04:00:00Z,32.98532813937816,34.009892087909044,32.98532813937816,33.58299255371094,2060300,0
2022-04-06T04:00:00Z,33.73477708343782,34.579094570915096,33.30787396648402,34.34192657470703,1893900,0
2022-04-07T04:00:00Z,34.256545951316276,34.7403670712663,34.1427063264274,34.34192657470703,2386300,0
2022-04-08T04:00:00Z,34.31347055532642,34.48423183495794,33.94348898909049,34.02886962890625,3120700,0
2022-04-11T04:00:00Z,34.14270849626592,34.322954882036356,33.269928332927144,33.37428283691406,1480100,0
2022-04-12T04:00:00Z,33.37428478741791,33.848620837700835,33.118142885997514,33.19403839111328,1184400,0
2022-04-13T04:00:00Z,33.317364760454964,33.488126036278636,32.862002564557514,33.18455123901367,935400,0
2022-04-14T04:00:00Z,33.21301255507416,33.507102243643835,32.69598793652283,33.10866165161133,1516100,0
2022-04-18T04:00:00Z,32.98533118839487,33.04225282036801,31.51489007527762,31.666677474975582,1170900,0
2022-04-19T04:00:00Z,31.79000228530531,32.33454134655188,31.68565138824843,32.207420349121094,1073000,0
2022-04-20T04:00:00Z,32.01768441116742,32.04614341704142,31.590781228572457,31.638214111328125,852300,0
2022-04-21T04:00:00Z,31.74256650883077,31.903842642126055,31.002603454255325,31.087984085083008,1310600,0
2022-04-22T04:00:00Z,30.98363252683899,30.98363252683899,30.414430679757377,30.604162216186523,1242900,0
2022-04-25T04:00:00Z,30.357506499711757,31.01208893080895,29.868940958505505,30.841327667236328,1189300,0
2022-04-26T04:00:00Z,30.58518942880408,30.89824933314529,29.99701194348353,30.034957885742188,1008900,0
2022-04-27T04:00:00Z,30.34801775630405,31.002601957906496,30.091875876183753,30.755945205688477,1204400,0
2022-04-28T04:00:00Z,31.021574362695297,31.495910351057923,30.556723501785505,31.306175231933594,1508100,0
2022-04-29T04:00:00Z,31.19233929869039,31.61449808877118,30.59467486934692,30.670570373535156,2811400,0
2022-05-02T04:00:00Z,30.83184163180563,31.410532161456835,30.0112405255083,30.43340110778809,2473800,0
2022-05-03T04:00:00Z,30.395450983428788,30.90773471906887,30.27212261324216,30.774917602539063,1965300,0
2022-05-04T04:00:00Z,30.85081683583446,31.58129478022528,30.300587095392327,31.486425399780273,1409200,0
2022-05-05T04:00:00Z,31.486423271156134,33.40274119983159,31.44847914044016,33.08019256591797,3414900,0
2022-05-06T04:00:00Z,32.567914261685786,33.222496694449056,31.420018293882205,32.985328674316406,2448900,0
2022-05-09T04:00:00Z,32.48253455120995,33.431206658654325,32.349717416294354,32.937896728515625,2429900,0
2022-05-10T04:00:00Z,32.454076330800675,33.15609537788047,32.19793439276741,32.97584533691406,1895700,0
2022-05-11T04:00:00Z,32.87149077635735,33.46915161309331,31.52437446893513,31.638214111328125,2046700,0
2022-05-12T04:00:00Z,31.676161165898066,32.87149005077926,31.676161165898066,32.852516174316406,1322700,0
2022-05-13T04:00:00Z,33.08204971167281,33.69414833932216,32.70426929183394,33.41679000854492,1145800,0.28
2022-05-16T04:00:00Z,33.2255149873124,34.06714885373664,33.10118130198312,33.885433197021484,1071900,0
2022-05-17T04:00:00Z,34.201043399513956,35.262653601695114,33.933251149737,35.12875747680664,1441400,0
2022-05-18T04:00:00Z,34.851400362965116,35.73129494789928,34.263213272395625,34.39232635498047,1651600,0
2022-05-19T04:00:00Z,33.95238153106532,35.0618113168488,33.74197123859736,34.97573471069336,1430600,0
2022-05-20T04:00:00Z,35.281784444279054,36.05647390822204,34.86096750309794,35.999088287353516,1926800,0
2022-05-23T04:00:00Z,36.13298018979352,36.301309865271286,35.320037388863554,35.89387893676758,1141600,0
2022-05-24T04:00:00Z,35.826933686772016,35.99908689431986,35.304738785819964,35.88431930541992,1165300,0
2022-05-25T04:00:00Z,35.817372371118466,36.67813478761613,35.750424304781845,36.43903350830078,1213100,0
2022-05-26T04:00:00Z,36.67813469703549,37.38587608735531,36.2955748401133,36.87898254394531,1160600,0
2022-05-27T04:00:00Z,36.8215952945662,37.25197830690913,36.61596805802435,37.204158782958984,1182200,0
2022-05-31T04:00:00Z,36.725958223843854,36.92680242428459,35.951268759920424,36.305137634277344,2201600,0
2022-06-01T04:00:00Z,36.41990542077669,36.639878140637165,35.38698623354072,36.10429000854492,1172800,0
2022-06-02T04:00:00Z,36.25731542015377,36.25731542015377,34.93269602679229,35.70260238647461,1409100,0
2022-06-03T04:00:00Z,35.60696259328236,35.73129628187708,35.253093716323896,35.55914306640625,777300,0
2022-06-06T04:00:00Z,35.72173083055121,36.06603726769131,35.67391130281422,35.83650207519531,905600,0
2022-06-07T04:00:00Z,35.83650043274637,36.20949783975432,35.68347576196373,36.161678314208984,1106300,0
2022-06-08T04:00:00Z,36.13298124007518,36.42946811586778,35.807803380572096,35.970394134521484,816500,0
2022-06-09T04:00:00Z,35.970396635075616,35.970396635075616,34.79401879202329,34.80358123779297,868300,0
2022-06-10T04:00:00Z,34.38276363343628,34.444928650715966,33.6989338497762,33.91412353515625,1161500,0
2022-06-13T04:00:00Z,33.35940875746667,33.35940875746667,32.192593443253635,32.70905303955078,1280100,0
2022-06-14T04:00:00Z,32.68035988217426,32.68035988217426,31.41790546652197,31.685701370239254,1926500,0
2022-06-15T04:00:00Z,31.72395644632034,32.431697848605474,31.33183048851799,32.125648498535156,1694700,0
2022-06-16T04:00:00Z,31.39878056274432,31.618753293582824,31.05447414981594,31.37965202331543,1660300,0
2022-06-17T04:00:00Z,31.47528954336356,32.001311582724675,31.006649471106332,31.723953247070313,4224400,0
2022-06-21T04:00:00Z,32.12564668953366,32.18303230758896,31.35095726356831,31.44659996032715,1883700,0
2022-06-22T04:00:00Z,31.217062894340636,32.39344076774767,31.217062894340636,32.125648498535156,1381800,0
2022-06-23T04:00:00Z,32.316928019918485,33.608073398228406,32.192594339925535,33.39766311645508,1481700,0
2022-06-24T04:00:00Z,33.85674260162298,34.507098373063585,33.56981814780226,34.296688079833984,1812100,0
2022-06-27T04:00:00Z,34.181920093300256,34.41145527563562,33.80413963862754,33.885433197021484,858900,0
2022-06-28T04:00:00Z,33.93325271268936,34.04324090513992,33.14900081788101,33.27333450317383,865800,0
2022-06-29T04:00:00Z,33.521993565820146,33.521993565820146,32.92424045784048,33.06291961669922,816300,0
2022-06-30T04:00:00Z,32.81425941979547,33.06292313387342,32.11608415321206,32.27867126464844,1359200,0
2022-07-01T04:00:00Z,32.4412586559324,32.77600262393533,31.93436512955716,32.756874084472656,1018400,0
2022-07-05T04:00:00Z,32.355184196930445,32.79512963893364,31.75264800125044,32.70905303955078,1338300,0
2022-07-06T04:00:00Z,32.556033755577396,32.73774942944007,31.475294862276808,31.83872985839844,1601300,0
2022-07-07T04:00:00Z,31.85785352858432,32.35518459238653,31.47529004923009,31.60918617248535,2274500,0
2022-07-08T04:00:00Z,31.437033210319417,31.83872523153101,31.08316436068702,31.322265625,1217000,0
2022-07-11T04:00:00Z,31.178801889969225,31.60918487447034,31.13098236911256,31.274444580078125,945600,0
2022-07-12T04:00:00Z,31.121425608133546,31.599628200827436,30.97796337096688,31.427474975585938,1679500,0
2022-07-13T04:00:00Z,31.111856322484968,31.27444708449236,30.566705714593837,30.87275505065918,1595400,0
2022-07-14T04:00:00Z,30.68147662935282,30.853626186733333,30.07894040913561,30.461502075195313,1486500,0
2022-07-15T04:00:00Z,30.77711708109211,30.820153560300657,30.069377510560724,30.576271057128903,1336700,0
2022-07-18T04:00:00Z,30.652780853965492,30.81537160820519,29.705940081673972,29.8398380279541,1614800,0
2022-07-19T04:00:00Z,30.03111948142219,30.52845056636524,29.935478607518075,30.193708419799805,1217500,0
2022-07-20T04:00:00Z,30.174580012075815,30.50932216010445,29.868530673603217,30.27978515625,1278500,0
2022-07-21T04:00:00Z,30.18414359445738,30.38977083109743,29.83983900861653,30.375425338745117,1015800,0
2022-07-22T04:00:00Z,30.509321909292968,30.58583424328212,30.251092098005344,30.56670570373535,897700,0
2022-07-25T04:00:00Z,30.604963316683964,31.50398280068902,30.604963316683964,31.370086669921875,1624300,0
2022-07-26T04:00:00Z,31.37008606221623,31.75264955562208,31.37008606221623,31.465728759765625,1202500,0
2022-07-27T04:00:00Z,31.360524221352357,31.408343746851177,30.71973090480117,31.21706199645996,1217300,0
2022-07-28T04:00:00Z,31.274446343676708,31.274446343676708,30.576269260093092,31.03534507751465,1153400,0
2022-07-29T04:00:00Z,31.150114361310457,31.21706242761264,30.13632544831024,30.337169647216797,2896600,0
2022-08-01T04:00:00Z,30.184145360467916,30.786679789090854,30.021556415569975,30.44237518310547,1715300,0
2022-08-02T04:00:00Z,30.38498878479004,30.9397018149535,30.174578506937145,30.38498878479004,1028100,0
2022-08-03T04:00:00Z,30.43280650196722,31.250532330933243,30.31803892467256,31.150110244750977,1895800,0
2022-08-04T04:00:00Z,31.15011405723986,31.609188071000464,30.021555738596568,30.997089385986328,2145800,0
2022-08-05T04:00:00Z,30.52844876274656,30.614523537557236,29.80158071789571,30.126758575439453,2755300,0
2022-08-08T04:00:00Z,30.16501808166504,30.346733739363277,29.830275927918738,30.16501808166504,1913800,0
2022-08-09T04:00:00Z,30.165017168589593,30.251091947726604,29.887658819133033,30.021554946899418,879600,0
2022-08-10T04:00:00Z,30.107632202494255,30.222401617493208,29.959390579026483,30.14588928222656,2546200,0
2022-08-11T04:00:00Z,30.02155478410681,30.90144935213668,29.99286379928269,30.3084774017334,2021800,0
2022-08-12T04:00:00Z,30.511115264569163,30.511115264569163,29.70057317735756,29.903207778930664,2161700,0.28
2022-08-15T04:00:00Z,29.826010976646735,30.047944619649932,29.67162219538717,29.922504425048828,1145800,0
2022-08-16T04:00:00Z,29.903206661015258,30.250582354107944,29.71986928516528,30.08654403686523,977200,0
2022-08-17T04:00:00Z,29.93215571903859,30.038296862126547,29.53653421367366,29.787416458129883,1114500,0
2022-08-18T04:00:00Z,29.816362995172668,29.84531158333351,29.420741492605597,29.652324676513672,1148300,0
2022-08-19T04:00:00Z,29.65232460446484,29.893557317173716,29.5317082481104,29.584779739379883,1311900,0
2022-08-22T04:00:00Z,29.52688436782386,29.739168492184607,29.121613337346417,29.304950714111328,1225800,0
2022-08-23T04:00:00Z,29.19880799281632,29.24705379954717,28.68257013086606,28.87073135375977,2520800,0
2022-08-24T04:00:00Z,28.832133378204375,29.401442734642075,28.552304384958145,29.005821228027344,1280100,0
2022-08-25T04:00:00Z,29.073366443197077,29.29047625808371,28.86108231334103,29.276002883911133,1113000,0
2022-08-26T04:00:00Z,29.333898021814207,29.382145669494403,28.619849400283485,28.6487979888916,1413600,0
2022-08-29T04:00:00Z,28.513705737357363,28.590900131349247,28.185629102776986,28.320720672607425,1164200,0
2022-08-30T04:00:00Z,28.349668236591345,28.446161691975274,27.57772427443907,27.654918670654297,1306400,0
2022-08-31T04:00:00Z,27.7707107878989,27.954046325999897,27.32684163566697,27.529478073120117,1792600,0
2022-09-01T04:00:00Z,27.461931649400068,27.8131667949271,27.336491446227345,27.799657821655273,1332100,0
2022-09-02T04:00:00Z,27.76106202377368,28.09878820186637,27.394387256544032,27.50053024291992,1398200,0
2022-09-06T04:00:00Z,27.838254714202808,28.610198639262983,27.683865929190773,27.703163146972656,1726800,0
2022-09-07T04:00:00Z,27.761061433399895,28.098787604310417,27.23517403824968,27.94439697265625,1740400,0
2022-09-08T04:00:00Z,27.85755406029838,28.45581014828697,27.814132099036343,28.33036994934082,1106400,0
2022-09-09T04:00:00Z,28.340018667137983,28.899678462680477,28.291771022417404,28.783885955810547,1371900,0
2022-09-12T04:00:00Z,28.870729149470375,29.208455292179515,28.291770310606065,28.668092727661133,1426000,0
2022-09-13T04:00:00Z,28.214578575084037,28.36896736790713,27.5584252853561,27.72246360778809,1260700,0
2022-09-14T04:00:00Z,27.876851492838615,27.91544961001729,27.191751477052968,27.616321563720703,1647300,0
2022-09-15T04:00:00Z,27.77071265889276,28.09878932033215,27.53912945795784,27.741764068603516,1501600,0
2022-09-16T04:00:00Z,27.616321816370252,27.93474892416932,27.41464978104789,27.606672286987305,5940200,0
2022-09-19T04:00:00Z,27.510177318517453,27.616320295424583,26.569369420779097,27.307540893554688,1875400,0
2022-09-20T04:00:00Z,27.02771316934932,27.124206621869984,26.284715977537623,26.34261131286621,1435700,0
2022-09-21T04:00:00Z,26.39085863087587,26.67068761519734,25.850497880129247,25.860145568847656,1135000,0
2022-09-22T04:00:00Z,25.725055832609335,25.811899754721797,25.28118853333188,25.368032455444336,1475800,0
2022-09-23T04:00:00Z,25.13644812583643,25.32943503370563,24.422399511455687,24.846969604492188,1831900,0
2022-09-26T04:00:00Z,24.62503439062047,24.924162422476865,24.181165266790863,24.268009185791016,1489300,0
2022-09-27T04:00:00Z,24.393453503685443,24.46099837135108,23.365801592953556,23.409223556518555,2800200,0
2022-09-28T04:00:00Z,23.621504981626583,23.82414140185586,23.31272742742902,23.650453567504883,2162300,0
2022-09-29T04:00:00Z,23.418872493196236,23.525013636643084,22.560082773376255,22.72412109375,2305200,0
2022-09-30T04:00:00Z,22.85921277788517,23.31272962327251,22.511837076463628,22.579381942749023,2182500,0
2022-10-03T04:00:00Z,22.83026388782232,23.418872298467853,22.521486308617956,23.22588539123535,2385200,0
2022-10-04T04:00:00Z,23.52501266849856,24.91451356974818,23.52501266849856,24.80837059020996,3136900,0
2022-10-05T04:00:00Z,24.567138061536543,24.933812807790236,24.335554883067655,24.731176376342773,1846800,0
2022-10-06T04:00:00Z,24.547840647160648,24.658807470926604,23.84343974777318,23.891687393188477,1309400,0
2022-10-07T04:00:00Z,23.785544880596248,23.87238880358887,23.0907953371148,23.16798973083496,1335100,0
2022-10-10T04:00:00Z,23.26448443035205,23.54431343241746,22.820615262319837,22.839914321899418,1304800,0
2022-10-11T04:00:00Z,22.820613967800146,22.975002754759693,22.349728719711376,22.675874710083008,4042300,0
2022-10-12T04:00:00Z,22.569733509712915,23.03772559236886,22.367098901012195,22.820615768432617,1648800,0
2022-10-13T04:00:00Z,22.42499205251784,23.41887146041777,22.222357463588637,23.18728828430176,1627700,0
2022-10-14T04:00:00Z,22.40569452511446,22.6758758359379,22.07761787642157,22.49253845214844,2336900,0
2022-10-17T04:00:00Z,22.80131444689644,23.13904060169356,22.736664626788876,22.97500228881836,1840700,0
2022-10-18T04:00:00Z,23.341677216816603,23.882037964523633,23.167989373510185,23.322378158569336,2353800,0
2022-10-19T04:00:00Z,23.225882848843565,23.428519263302302,22.94605388849306,22.965351104736328,1813900,0
2022-10-20T04:00:00Z,22.859212411970777,22.917107747794425,22.560082522552904,22.7337703704834,1121300,0
2022-10-21T04:00:00Z,22.801314046897,22.975001885771945,22.328498174659348,22.84956169128418,2775900,0
2022-10-24T04:00:00Z,23.05219646713505,23.298254854397666,22.67587404009748,23.196937561035156,1274800,0
2022-10-25T04:00:00Z,23.187289069880705,24.075025528631425,23.110094675226712,23.86273956298828,2353300,0
2022-10-26T04:00:00Z,23.930285123251284,24.586438417096428,23.891688845033123,24.40310287475586,1304700,0
2022-10-27T04:00:00Z,24.557489736405312,25.18469439189472,24.374152368029826,25.039955139160156,2395100,0
2022-10-28T04:00:00Z,25.049602551264076,25.305310463415605,24.953110944145163,25.26188850402832,1527500,0
2022-10-31T04:00:00Z,25.13644647003864,25.599614650322813,24.99170721890084,25.26188850402832,2227100,0
2022-11-01T04:00:00Z,25.522422400455778,25.68163503791981,25.146098107390664,25.46452522277832,1606900,0
2022-11-02T04:00:00Z,25.561015383801603,25.700930784465235,24.972407036498986,25.020654678344727,2028900,0
2022-11-03T04:00:00Z,26.2943663088226,26.5452485568445,24.62503633900031,24.972410202026367,3033300,0
2022-11-04T04:00:00Z,24.97241009998114,25.03513112184521,22.907458627609177,23.49606704711914,3447400,0
2022-11-07T05:00:00Z,23.525013368155975,23.93028439972113,22.926757270415692,23.15834045410156,2658900,0
2022-11-08T05:00:00Z,23.167989990309636,23.573261021994277,22.52148624549032,22.7337703704834,3100800,0
2022-11-09T05:00:00Z,22.810964866130725,23.50571626093076,22.791667647743708,23.013601303100582,2515800,0
2022-11-10T05:00:00Z,23.609200522191323,24.33173165379618,23.521324938127727,24.12668800354004,2559100,0.28
2022-11-11T05:00:00Z,24.009523462536585,24.868749178938813,23.61896631871739,24.712526321411133,2931700,0
2022-11-14T05:00:00Z,24.66370639573731,24.80040092505578,24.18527368079937,24.195037841796875,1870600,0
2022-11-15T05:00:00Z,24.44889972738897,24.830668540938625,24.10716155174078,24.292675018310547,1605600,0
2022-11-16T05:00:00Z,24.214562671638188,24.39031383311724,23.701956358873066,23.81424140930176,1357600,0
2022-11-17T05:00:00Z,23.482267503241985,23.61896388624311,23.19911430150577,23.355337142944336,1783400,0
2022-11-18T05:00:00Z,23.697076666720736,23.999758206585692,23.526206643745457,23.82400703430176,2175700,0
2022-11-21T05:00:00Z,23.843536238773066,24.190155584539433,23.667785059983537,24.13645362854004,1123800,0
2022-11-22T05:00:00Z,24.107161902733505,24.458662381888796,24.107161902733505,24.24385643005371,1409800,0
2022-11-23T05:00:00Z,24.2048025346502,24.317087595103818,24.04369666813632,24.224328994750977,867600,0
2022-11-25T05:00:00Z,24.214562860398605,24.51724624633789,24.166719777984405,24.51724624633789,641400,0
2022-11-28T05:00:00Z,24.2633847468396,24.448900078395997,23.916765417020397,24.077869415283203,1530700,0
2022-11-29T05:00:00Z,24.12668915650871,24.409844243650248,23.824007609337976,24.351261138916016,2374300,0
2022-11-30T05:00:00Z,24.390315151063643,25.435056153727736,24.155980877203557,25.405765533447266,2422700,0
2022-12-01T05:00:00Z,25.571751762761213,26.2161714617809,25.4936403405262,25.796321868896484,1774300,0
2022-12-02T05:00:00Z,25.50340625201102,26.08924102783203,25.415530663173197,26.08924102783203,1236100,0
2022-12-05T05:00:00Z,25.923253479160184,26.16735191818174,25.542460510230008,25.72797584533691,1102300,0
2022-12-06T05:00:00Z,25.71821110116422,25.933017052196305,25.122610327512778,25.532695770263672,1668200,0
2022-12-07T05:00:00Z,25.53269510096847,25.75726520693211,25.17631162089838,25.46434783935547,1402600,0
2022-12-08T05:00:00Z,25.620571941332027,26.26987468317401,25.56394055222004,26.22593688964844,2082300,0
2022-12-09T05:00:00Z,26.2454624251577,26.753187607501495,26.167351001898904,26.411449432373047,2096900,0
2022-12-12T05:00:00Z,26.577435587431385,27.036341813895653,26.294282385568252,26.928937911987305,3249500,0
2022-12-13T05:00:00Z,27.339024176116723,27.73934545256686,27.251148592279065,27.534303665161133,3037200,0
2022-12-14T05:00:00Z,27.52453974182211,28.032263065533893,27.426899996457955,27.94438934326172,2413000,0
2022-12-15T05:00:00Z,27.758874000537972,27.97367995038175,27.47571892534444,27.612415313720703,2380500,0
2022-12-16T05:00:00Z,27.505012877848426,27.67099989506661,26.675077791757477,26.792245864868164,6891000,0
2022-12-19T05:00:00Z,26.587200749463868,26.83129918130762,26.264990893923045,26.782480239868164,2501200,0
2022-12-20T05:00:00Z,26.68484151134825,26.904530480842336,26.440743070204437,26.80200958251953,1303500,0
2022-12-21T05:00:00Z,26.97775889638761,27.382963202610476,26.948468275336623,27.133983612060547,1219300,0
2022-12-22T05:00:00Z,26.97775796445667,27.11445435315798,26.592083856129538,26.98752212524414,1026400,0
2022-12-23T05:00:00Z,26.987520599322927,27.306801003495156,26.88988272161535,27.270675659179688,966900,0
2022-12-27T05:00:00Z,27.270677123420036,27.402490500190467,26.938703106884866,27.280441284179688,1235300,0
2022-12-28T05:00:00Z,27.27067675348741,27.412254289096964,26.938702741455536,26.997285842895508,1512000,0
2022-12-29T05:00:00Z,27.15350783988392,27.7491085832712,27.1437436795618,27.51477432250977,2031000,0
2022-12-30T05:00:00Z,27.378079559445787,27.407370177828803,27.016813080029085,27.270675659179688,1721900,0
2023-01-03T05:00:00Z,27.24138451350621,27.758873857403668,27.20232973297383,27.407371520996097,1688300,0
2023-01-04T05:00:00Z,27.544067077292684,28.461877733196783,27.465955650981055,28.2568359375,2300100,0
2023-01-05T05:00:00Z,27.944390891791738,28.159196853637695,27.270678660001053,28.159196853637695,1873600,0
2023-01-06T05:00:00Z,28.45211175507155,28.764557440364243,28.07131880891147,28.461875915527344,1821900,0
2023-01-09T05:00:00Z,28.45211156569968,29.330867377640537,28.383764305287205,28.881725311279297,1696900,0
2023-01-10T05:00:00Z,28.98912982188988,29.560319249320543,28.67668413211688,29.408979415893555,2057400,0
2023-01-11T05:00:00Z,29.584730150832332,29.975289144265385,29.233229663995207,29.916704177856445,2244500,0
2023-01-12T05:00:00Z,29.965524207493623,30.74175730024671,29.86788446166291,30.63923454284668,2715400,0
2023-01-13T05:00:00Z,30.68805541284872,31.36176574964906,30.644117620246675,31.303184509277344,2578300,0
2023-01-17T05:00:00Z,31.3715308850572,31.537516027608703,31.04931917354465,31.32271194458008,2744300,0
2023-01-18T05:00:00Z,31.498461840774382,31.664450720911656,31.098142400544734,31.186017990112305,2385500,0
2023-01-19T05:00:00Z,30.89309771916512,31.088377214505993,30.50254059080666,30.668527603149418,1904300,0
2023-01-20T05:00:00Z,30.688055256999025,30.84427810494108,30.277969815570316,30.60017967224121,1556900,0
2023-01-23T05:00:00Z,30.71734629205723,31.312947071835488,30.605061234977,31.25436210632324,1434700,0
2023-01-24T05:00:00Z,31.049320570508502,31.146960318178937,30.25844215279221,30.668527603149418,1401200,0
2023-01-25T05:00:00Z,30.727110923280417,30.727110923280417,29.755600176040115,29.916704177856445,1364500,0
2023-01-26T05:00:00Z,29.87764849834362,30.092454448420103,29.399215794316504,29.604257583618164,1432000,0
2023-01-27T05:00:00Z,29.43827047205567,29.721425546564888,29.130705926856447,29.23322868347168,1590600,0
2023-01-30T05:00:00Z,29.008658032928015,29.140471415448346,28.65227453010935,28.87196350097656,1696300,0
2023-01-31T05:00:00Z,28.81338004598332,29.46756393887944,28.759678091277003,29.41874313354492,4841000,0
2023-02-01T05:00:00Z,29.291812326708,29.770245037898768,29.21370090166304,29.594493865966797,1452200,0
2023-02-02T05:00:00Z,29.584729044419383,29.780008533832827,29.428506197817924,29.6921329498291,1228500,0
2023-02-03T05:00:00Z,29.535910660585454,29.760480774022405,29.037949629275303,29.057477951049805,1032000,0
2023-02-06T05:00:00Z,28.90125363206091,29.028183992495052,28.520458826112147,28.881725311279297,1276200,0
2023-02-07T05:00:00Z,28.774323093299376,29.169763231815597,28.52046049525081,29.135589599609375,826100,0
2023-02-08T05:00:00Z,29.09653250758592,29.12094384077717,28.813379293335306,28.97936630249023,809200,0
2023-02-09T05:00:00Z,29.067243002308615,29.139495560299544,28.305655190683986,28.37400245666504,1258000,0
2023-02-10T05:00:00Z,28.305653197214884,28.510696843040872,28.193368144964804,28.334945678710938,1418400,0
2023-02-13T05:00:00Z,28.266598751141757,28.82314286987267,28.01273616214949,28.784086227416992,1465300,0
2023-02-14T05:00:00Z,28.823143300564674,28.852433920520895,28.38376537798893,28.44234848022461,1423100,0
2023-02-15T05:00:00Z,28.14943102455902,28.671801518583667,28.05179127956905,28.56928062438965,1782500,0
2023-02-16T05:00:00Z,27.1828019543024,27.485483493184073,23.97534865751007,24.282913208007813,9270200,0
2023-02-17T05:00:00Z,24.09739777431935,25.757266013075757,23.540853641111248,25.405765533447266,5159000,0
2023-02-21T05:00:00Z,25.396001399488977,26.43586125398258,25.344253022925148,26.401687622070313,3100400,0
2023-02-22T05:00:00Z,26.53838200897933,26.68484069672995,26.016011509864043,26.196643829345703,2131300,0
2023-02-23T05:00:00Z,26.284517930031843,26.460269090336272,25.825613571043835,26.020891189575195,1374800,0
2023-02-24T05:00:00Z,25.655790729793768,25.83340804367411,24.886116330344823,25.251218795776367,1992000,0.28
2023-02-27T05:00:00Z,25.438704972837357,25.81860826904143,24.550618367634243,24.75783920288086,3215600,0
2023-02-28T05:00:00Z,24.560485115861898,24.82691108560051,24.126311552692584,24.165781021118164,2889900,0
2023-03-01T05:00:00Z,24.175650430201724,24.53088507961065,23.90922444314503,23.96843147277832,2624200,0
2023-03-02T05:00:00Z,23.800681284025952,23.87962210577655,23.58359261263857,23.79081344604492,2501200,0
2023-03-03T05:00:00Z,23.978297502286352,24.52101731633177,23.89935667796491,24.23485565185547,2458200,0
2023-03-06T05:00:00Z,24.2249878224435,24.659163297419628,23.79081422956508,23.800682067871097,2580400,0
2023-03-07T05:00:00Z,23.889487764861254,24.057237244259397,23.405975002383716,23.425710678100582,2114000,0
2023-03-08T05:00:00Z,23.48491687193196,23.58852823302374,23.267830075644714,23.36650657653809,1452900,0
2023-03-09T05:00:00Z,23.39610670056169,23.445445888875422,22.804051497577543,22.961933135986328,1960200,0
2023-03-10T05:00:00Z,22.892861785841603,23.00140424367163,22.20706113514086,22.37974548339844,2722000,0
2023-03-13T04:00:00Z,22.251465107977083,22.4784216225393,21.90610018122572,21.96530532836914,2734700,0
2023-03-14T04:00:00Z,22.24159781383236,22.43401594204604,21.47192341888007,21.659408569335938,2507000,0
2023-03-15T04:00:00Z,21.284439007510784,21.35351199110419,20.83052975412686,21.2351016998291,2781100,0
2023-03-16T04:00:00Z,21.244969877649822,21.501528022313657,20.850263881491525,21.432453155517575,2719900,0
2023-03-17T04:00:00Z,21.40285144458751,21.60809795956399,21.277531971311376,21.383115768432617,4588700,0
2023-03-20T04:00:00Z,21.57059993399213,22.12318566618887,21.38311478335307,22.093582153320313,2263100,0
2023-03-21T04:00:00Z,22.29093627526649,22.47842143544077,21.94063649127856,22.083715438842773,2035300,0
2023-03-22T04:00:00Z,22.133055247702377,22.226796889359136,21.54593109651662,21.560733795166016,1466100,0
2023-03-23T04:00:00Z,21.71861427795332,21.802488076701326,20.95880770084697,21.136425018310547,1860000,0
2023-03-24T04:00:00Z,21.10682153948053,21.6199378169769,20.682513920862288,21.570600509643555,1596100,0
2023-03-27T04:00:00Z,21.758083787970648,21.985040295207764,21.56073267649626,21.787687301635746,1480200,0
2023-03-28T04:00:00Z,21.639674531303047,21.94556999206543,21.570601544882287,21.94556999206543,1266500,0
2023-03-29T04:00:00Z,22.202128157006747,22.429082793130476,21.955437844151117,22.37974548339844,1712100,0
2023-03-30T04:00:00Z,22.646171046276688,22.95206650146649,22.49815535567411,22.78431701660156,1804900,0
2023-03-31T04:00:00Z,22.952065748141663,23.26782903114761,22.91752925669399,23.2086238861084,2199500,0
2023-04-03T04:00:00Z,23.317167125632448,23.51452012522358,22.9718021994945,23.21849250793457,1773200,0
2023-04-04T04:00:00Z,23.33690197699912,23.4158427976253,22.54749377073733,22.77444839477539,1605800,0
2023-04-05T04:00:00Z,22.76458041779606,23.509586172368618,22.646170128629336,23.32703399658203,1720700,0
2023-04-06T04:00:00Z,23.623064824623572,23.771078635532575,23.22836070150032,23.632932662963867,1341200,0
2023-04-10T04:00:00Z,23.356638656875525,23.623064643730206,23.208624847099937,23.534255981445313,1219400,0
2023-04-11T04:00:00Z,23.60332878493646,23.71187312291264,23.425711461738224,23.43557929992676,1158800,0
2023-04-12T04:00:00Z,23.573723870279434,23.67240036420649,23.228358964681117,23.29743194580078,1524600,0
2023-04-13T04:00:00Z,23.47504953602557,23.741473626052027,23.39610683427242,23.662532806396484,1281500,0
2023-04-14T04:00:00Z,23.66253401080169,23.82238997863219,23.021139583191687,23.48491668701172,1365900,0
2023-04-17T04:00:00Z,23.396107712000877,23.815482361358523,23.208624434596334,23.72174072265625,1543200,0
2023-04-18T04:00:00Z,23.751341528725657,23.8697536995816,23.2184914651179,23.27769660949707,1090600,0
2023-04-19T04:00:00Z,23.25796146007614,23.583592584673433,23.119815492700816,23.5737247467041,1268000,0
2023-04-20T04:00:00Z,23.42571059804156,23.563856563392267,23.24809328139201,23.376373291015625,1390600,0
2023-04-21T04:00:00Z,23.5934604506196,23.820415077890363,23.455314483080468,23.79081344604492,1152100,0
2023-04-24T04:00:00Z,23.790812920837975,23.82041455202993,23.456300184427047,23.71187210083008,1326100,0
2023-04-25T04:00:00Z,23.70200422209261,23.751341528725657,23.203688767449904,23.27769660949707,1344700,0
2023-04-26T04:00:00Z,23.10008025262475,23.5145200446682,23.10008025262475,23.386241912841797,1426600,0
2023-04-27T04:00:00Z,23.534255307480205,24.027635914001394,23.504651793533775,24.00790023803711,1573800,0
2023-04-28T04:00:00Z,24.00790075776206,24.33846674997815,23.869754787216777,24.30392837524414,1937300,0
2023-05-01T04:00:00Z,24.363134799815736,24.461811297226873,24.15591396704258,24.175649642944336,1141000,0
2023-05-02T04:00:00Z,24.155913934501697,24.254590431779903,23.396107352186416,23.741474151611328,1537500,0
2023-05-03T04:00:00Z,23.948695693033805,24.24472331153379,23.79081404555412,23.919092178344727,2373100,0
2023-05-04T04:00:00Z,23.23822587137314,23.4355788673053,21.31404263047403,21.71861457824707,3701100,0
2023-05-05T04:00:00Z,21.85676031891914,22.53269121749871,21.511393520677103,22.22186279296875,2381000,0
2023-05-08T04:00:00Z,22.369877262834496,22.448818086315654,21.378183050221335,21.531129837036133,2251100,0
2023-05-09T04:00:00Z,21.23510079629235,21.30417377694676,20.84532968305954,20.95880699157715,3450200,0
2023-05-10T04:00:00Z,21.116689864484805,21.368315031143176,20.731853588533973,21.21536636352539,4612800,0
2023-05-11T04:00:00Z,21.06735192404584,21.13642490667293,20.771322435804223,20.86999893188477,2444900,0
2023-05-12T04:00:00Z,21,21.15999984741211,20.725000381469727,20.8700008392334,2075300,0.28
2023-05-15T04:00:00Z,20.81999969482422,20.9950008392334,20.510000228881836,20.84000015258789,2260500,0
2023-05-16T04:00:00Z,20.86000061035156,20.86000061035156,20.3700008392334,20.40999984741211,1474900,0
2023-05-17T04:00:00Z,20.3799991607666,20.579999923706055,20.1200008392334,20.579999923706055,1890900,0
2023-05-18T04:00:00Z,20.540000915527344,20.579999923706055,20.13999938964844,20.469999313354492,1410700,0
2023-05-19T04:00:00Z,20.59000015258789,20.760000228881836,20.36000061035156,20.43000030517578,1944500,0
2023-05-22T04:00:00Z,20.399999618530273,21.049999237060547,20.149999618530273,20.739999771118164,5356400,0
2023-05-23T04:00:00Z,20.850000381469727,21.097000122070313,20.56999969482422,20.6299991607666,1811700,0
2023-05-24T04:00:00Z,20.459999084472656,20.459999084472656,19.8700008392334,20.1200008392334,2157300,0
2023-05-25T04:00:00Z,19.88999938964844,19.93000030517578,19.149999618530273,19.86000061035156,4580400,0
2023-05-26T04:00:00Z,19.90999984741211,20.09000015258789,19.43000030517578,19.540000915527344,2005100,0
2023-05-30T04:00:00Z,19.31999969482422,19.510000228881836,19.18000030517578,19.270000457763672,1893400,0
2023-05-31T04:00:00Z,19.18000030517578,19.4950008392334,18.8700008392334,19.38999938964844,2899100,0
2023-06-01T04:00:00Z,19.520000457763672,19.674999237060547,18.989999771118164,19.450000762939453,1860700,0
2023-06-02T04:00:00Z,19.649999618530273,19.875,19.559999465942383,19.760000228881836,1578000,0
2023-06-05T04:00:00Z,19.799999237060547,20.334999084472656,19.770000457763672,20.190000534057617,1942300,0
2023-06-06T04:00:00Z,20.229999542236328,20.270000457763672,19.90999984741211,20.079999923706055,1638200,0
2023-06-07T04:00:00Z,20.049999237060547,20.530000686645508,19.86000061035156,20.469999313354492,1666800,0
2023-06-08T04:00:00Z,20.549999237060547,20.59000015258789,19.940000534057617,20.010000228881836,1950200,0
2023-06-09T04:00:00Z,19.940000534057617,20.209999084472656,19.774999618530273,19.829999923706055,2317800,0
2023-06-12T04:00:00Z,19.93000030517578,20.530000686645508,19.86000061035156,20.420000076293945,1970900,0
2023-06-13T04:00:00Z,20.399999618530273,20.774999618530273,20.34000015258789,20.38999938964844,1604600,0
2023-06-14T04:00:00Z,20.559999465942383,20.81999969482422,20.149999618530273,20.290000915527344,1674000,0
2023-06-15T04:00:00Z,20.299999237060547,20.940000534057617,20.239999771118164,20.920000076293945,1826000,0
2023-06-16T04:00:00Z,21,21.100000381469727,20.690000534057617,20.90999984741211,5098200,0
2023-06-20T04:00:00Z,20.6200008392334,21.040000915527344,20.399999618530273,20.8799991607666,1857600,0
2023-06-21T04:00:00Z,20.790000915527344,21.030000686645508,20.549999237060547,20.790000915527344,2907500,0
2023-06-22T04:00:00Z,20.8799991607666,21.1200008392334,20.700000762939453,20.90999984741211,1588800,0
2023-06-23T04:00:00Z,20.75,20.84000015258789,20.114999771118164,20.239999771118164,2226800,0
2023-06-26T04:00:00Z,20.239999771118164,20.59000015258789,20.05500030517578,20.520000457763672,1385400,0
2023-06-27T04:00:00Z,20.420000076293945,20.71500015258789,20.190000534057617,20.6200008392334,1427500,0
2023-06-28T04:00:00Z,20.670000076293945,20.709999084472656,20.274999618530273,20.420000076293945,1194200,0
2023-06-29T04:00:00Z,20.329999923706055,20.924999237060547,20.280000686645508,20.729999542236328,1741900,0
2023-06-30T04:00:00Z,20.93000030517578,20.979999542236328,20.649999618530273,20.809999465942383,1583200,0
2023-07-03T04:00:00Z,20.739999771118164,20.90999984741211,20.540000915527344,20.56999969482422,1140000,0
2023-07-05T04:00:00Z,20.43000030517578,20.799999237060547,20.11000061035156,20.549999237060547,1460800,0
2023-07-06T04:00:00Z,20.209999084472656,20.270000457763672,19.81999969482422,19.920000076293945,2258800,0
2023-07-07T04:00:00Z,19.86000061035156,20.38999938964844,19.760000228881836,20.100000381469727,2730300,0
2023-07-10T04:00:00Z,20.149999618530273,20.299999237060547,19.90999984741211,20.190000534057617,2193500,0
2023-07-11T04:00:00Z,20.219999313354492,21.06999969482422,20.219999313354492,20.790000915527344,3500100,0
2023-07-12T04:00:00Z,21.049999237060547,21.239999771118164,20.18000030517578,20.270000457763672,2159200,0
2023-07-13T04:00:00Z,20.31999969482422,20.6299991607666,20.329999923706055,20.565000534057617,678775,0
